{
  "eval_file": "outputs/steering_eval/persona_variants/gemma_hopefulness_L25_pv.jsonl",
  "judge_provider": "cluster_mistral",
  "judge_model": "mistralai/Magistral-Small-2509",
  "reasoning_effort": null,
  "axis": "hopefulness",
  "model_path": "google/gemma-4-E4B-it",
  "n_pairs": 1600,
  "by_variant_alpha": {
    "P_matched_A__a3.0": {
      "n": 199,
      "target_pole": "positive",
      "target_style": "hopeful",
      "pairwise_steered_win_rate": 0.22613065326633167,
      "pairwise_tie_rate": 0.49748743718592964,
      "pairwise_base_win_rate": 0.27638190954773867,
      "pairwise_net_overall": -0.05025125628140704,
      "axis_alignment_delta_mean": -0.07537688442211055,
      "axis_alignment_delta_std_pooled": 1.0071836117646964,
      "case_fidelity_delta_mean": -0.06030150753768844,
      "case_fidelity_delta_std_pooled": 0.4328030753795874,
      "client_role_fidelity_delta_mean": -0.05527638190954774,
      "client_role_fidelity_delta_std_pooled": 0.37772101453198265,
      "training_utility_delta_mean": -0.08542713567839195,
      "training_utility_delta_std_pooled": 0.8610725422882503,
      "axis_alignment_pairwise_steered_win_rate": 0.22613065326633167,
      "axis_alignment_pairwise_base_win_rate": 0.271356783919598,
      "axis_alignment_pairwise_tie_rate": 0.5025125628140703,
      "axis_alignment_pairwise_net": -0.04522613065326633,
      "case_fidelity_pairwise_steered_win_rate": 0.04522613065326633,
      "case_fidelity_pairwise_base_win_rate": 0.08542713567839195,
      "case_fidelity_pairwise_tie_rate": 0.8693467336683417,
      "case_fidelity_pairwise_net": -0.04020100502512563,
      "client_role_fidelity_pairwise_steered_win_rate": 0.02512562814070352,
      "client_role_fidelity_pairwise_base_win_rate": 0.06532663316582915,
      "client_role_fidelity_pairwise_tie_rate": 0.9095477386934674,
      "client_role_fidelity_pairwise_net": -0.04020100502512563,
      "training_utility_pairwise_steered_win_rate": 0.20603015075376885,
      "training_utility_pairwise_base_win_rate": 0.271356783919598,
      "training_utility_pairwise_tie_rate": 0.5226130653266332,
      "training_utility_pairwise_net": -0.06532663316582915,
      "win_rate_per_seed": [
        0.22613065326633167
      ],
      "win_rate_mean_over_seeds": 0.22613065326633167,
      "win_rate_std_over_seeds": NaN,
      "case_fidelity_delta_mean_over_seeds": -0.06030150753768844,
      "case_fidelity_delta_std_over_seeds": NaN,
      "axis_alignment_pairwise_net_mean_over_seeds": -0.04522613065326633,
      "case_fidelity_pairwise_net_mean_over_seeds": -0.04020100502512563,
      "client_role_fidelity_pairwise_net_mean_over_seeds": -0.04020100502512563,
      "training_utility_pairwise_net_mean_over_seeds": -0.06532663316582915,
      "axis_alignment_pairwise_net_std_over_seeds": NaN,
      "case_fidelity_pairwise_net_std_over_seeds": NaN,
      "client_role_fidelity_pairwise_net_std_over_seeds": NaN,
      "training_utility_pairwise_net_std_over_seeds": NaN
    },
    "P_matched_B__a3.0": {
      "n": 200,
      "target_pole": "positive",
      "target_style": "hopeful",
      "pairwise_steered_win_rate": 0.275,
      "pairwise_tie_rate": 0.48,
      "pairwise_base_win_rate": 0.245,
      "pairwise_net_overall": 0.03,
      "axis_alignment_delta_mean": 0.055,
      "axis_alignment_delta_std_pooled": 1.0401802728373577,
      "case_fidelity_delta_mean": -0.02,
      "case_fidelity_delta_std_pooled": 0.3310589071449369,
      "client_role_fidelity_delta_mean": -0.015,
      "client_role_fidelity_delta_std_pooled": 0.32368966619279027,
      "training_utility_delta_mean": 0.03,
      "training_utility_delta_std_pooled": 0.899499861033897,
      "axis_alignment_pairwise_steered_win_rate": 0.275,
      "axis_alignment_pairwise_base_win_rate": 0.245,
      "axis_alignment_pairwise_tie_rate": 0.48,
      "axis_alignment_pairwise_net": 0.03,
      "case_fidelity_pairwise_steered_win_rate": 0.045,
      "case_fidelity_pairwise_base_win_rate": 0.065,
      "case_fidelity_pairwise_tie_rate": 0.89,
      "case_fidelity_pairwise_net": -0.02,
      "client_role_fidelity_pairwise_steered_win_rate": 0.035,
      "client_role_fidelity_pairwise_base_win_rate": 0.055,
      "client_role_fidelity_pairwise_tie_rate": 0.91,
      "client_role_fidelity_pairwise_net": -0.02,
      "training_utility_pairwise_steered_win_rate": 0.25,
      "training_utility_pairwise_base_win_rate": 0.245,
      "training_utility_pairwise_tie_rate": 0.505,
      "training_utility_pairwise_net": 0.005,
      "win_rate_per_seed": [
        0.275
      ],
      "win_rate_mean_over_seeds": 0.275,
      "win_rate_std_over_seeds": NaN,
      "case_fidelity_delta_mean_over_seeds": -0.02,
      "case_fidelity_delta_std_over_seeds": NaN,
      "axis_alignment_pairwise_net_mean_over_seeds": 0.03,
      "case_fidelity_pairwise_net_mean_over_seeds": -0.02,
      "client_role_fidelity_pairwise_net_mean_over_seeds": -0.02,
      "training_utility_pairwise_net_mean_over_seeds": 0.005,
      "axis_alignment_pairwise_net_std_over_seeds": NaN,
      "case_fidelity_pairwise_net_std_over_seeds": NaN,
      "client_role_fidelity_pairwise_net_std_over_seeds": NaN,
      "training_utility_pairwise_net_std_over_seeds": NaN
    },
    "P_matched_C__a3.0": {
      "n": 200,
      "target_pole": "positive",
      "target_style": "hopeful",
      "pairwise_steered_win_rate": 0.23,
      "pairwise_tie_rate": 0.48,
      "pairwise_base_win_rate": 0.29,
      "pairwise_net_overall": -0.06,
      "axis_alignment_delta_mean": -0.075,
      "axis_alignment_delta_std_pooled": 1.0674151020104596,
      "case_fidelity_delta_mean": 0.005,
      "case_fidelity_delta_std_pooled": 0.43008720046055776,
      "client_role_fidelity_delta_mean": 0.0,
      "client_role_fidelity_delta_std_pooled": 0.41231056256176607,
      "training_utility_delta_mean": -0.09,
      "training_utility_delta_std_pooled": 0.9337558567420072,
      "axis_alignment_pairwise_steered_win_rate": 0.23,
      "axis_alignment_pairwise_base_win_rate": 0.285,
      "axis_alignment_pairwise_tie_rate": 0.485,
      "axis_alignment_pairwise_net": -0.055,
      "case_fidelity_pairwise_steered_win_rate": 0.065,
      "case_fidelity_pairwise_base_win_rate": 0.06,
      "case_fidelity_pairwise_tie_rate": 0.875,
      "case_fidelity_pairwise_net": 0.005,
      "client_role_fidelity_pairwise_steered_win_rate": 0.055,
      "client_role_fidelity_pairwise_base_win_rate": 0.06,
      "client_role_fidelity_pairwise_tie_rate": 0.885,
      "client_role_fidelity_pairwise_net": -0.005,
      "training_utility_pairwise_steered_win_rate": 0.22,
      "training_utility_pairwise_base_win_rate": 0.285,
      "training_utility_pairwise_tie_rate": 0.495,
      "training_utility_pairwise_net": -0.065,
      "win_rate_per_seed": [
        0.23
      ],
      "win_rate_mean_over_seeds": 0.23,
      "win_rate_std_over_seeds": NaN,
      "case_fidelity_delta_mean_over_seeds": 0.005,
      "case_fidelity_delta_std_over_seeds": NaN,
      "axis_alignment_pairwise_net_mean_over_seeds": -0.055,
      "case_fidelity_pairwise_net_mean_over_seeds": 0.005,
      "client_role_fidelity_pairwise_net_mean_over_seeds": -0.005,
      "training_utility_pairwise_net_mean_over_seeds": -0.065,
      "axis_alignment_pairwise_net_std_over_seeds": NaN,
      "case_fidelity_pairwise_net_std_over_seeds": NaN,
      "client_role_fidelity_pairwise_net_std_over_seeds": NaN,
      "training_utility_pairwise_net_std_over_seeds": NaN
    },
    "P_matched__a3.0": {
      "n": 200,
      "target_pole": "positive",
      "target_style": "hopeful",
      "pairwise_steered_win_rate": 0.545,
      "pairwise_tie_rate": 0.065,
      "pairwise_base_win_rate": 0.39,
      "pairwise_net_overall": 0.155,
      "axis_alignment_delta_mean": 0.285,
      "axis_alignment_delta_std_pooled": 1.5600560887352737,
      "case_fidelity_delta_mean": -0.06,
      "case_fidelity_delta_std_pooled": 0.6296030495478877,