{
  "eval_file": "outputs/steering_eval/layer_sweep/mistral7b_cooperation_L15.jsonl",
  "judge_provider": "ionos",
  "judge_model": "openai/gpt-oss-120b",
  "reasoning_effort": "high",
  "axis": "cooperation",
  "model_path": "mistralai/Mistral-7B-Instruct-v0.3",
  "n_pairs": 50,
  "by_variant_alpha": {
    "global_blind__a1.5": {
      "n": 49,
      "target_pole": "positive",
      "target_style": "cooperative",
      "pairwise_steered_win_rate": 0.5102040816326531,
      "pairwise_tie_rate": 0.061224489795918366,
      "pairwise_base_win_rate": 0.42857142857142855,
      "pairwise_net_overall": 0.08163265306122448,
      "axis_alignment_delta_mean": 0.40816326530612246,
      "axis_alignment_delta_std_pooled": 1.6402882691763363,
      "case_fidelity_delta_mean": 0.2857142857142857,
      "case_fidelity_delta_std_pooled": 1.6659862556700857,
      "client_role_fidelity_delta_mean": 0.20408163265306123,
      "client_role_fidelity_delta_std_pooled": 0.9471674600712077,
      "training_utility_delta_mean": 0.2653061224489796,
      "training_utility_delta_std_pooled": 1.8157531771049162,
      "axis_alignment_pairwise_steered_win_rate": 0.42857142857142855,
      "axis_alignment_pairwise_base_win_rate": 0.32653061224489793,
      "axis_alignment_pairwise_tie_rate": 0.24489795918367346,
      "axis_alignment_pairwise_net": 0.10204081632653061,
      "case_fidelity_pairwise_steered_win_rate": 0.3673469387755102,
      "case_fidelity_pairwise_base_win_rate": 0.20408163265306123,
      "case_fidelity_pairwise_tie_rate": 0.42857142857142855,
      "case_fidelity_pairwise_net": 0.16326530612244897,
      "client_role_fidelity_pairwise_steered_win_rate": 0.20408163265306123,
      "client_role_fidelity_pairwise_base_win_rate": 0.08163265306122448,
      "client_role_fidelity_pairwise_tie_rate": 0.7142857142857143,
      "client_role_fidelity_pairwise_net": 0.12244897959183673,
      "training_utility_pairwise_steered_win_rate": 0.46938775510204084,
      "training_utility_pairwise_base_win_rate": 0.42857142857142855,
      "training_utility_pairwise_tie_rate": 0.10204081632653061,
      "training_utility_pairwise_net": 0.04081632653061224,
      "win_rate_per_seed": [
        0.5102040816326531
      ],
      "win_rate_mean_over_seeds": 0.5102040816326531,
      "win_rate_std_over_seeds": NaN,
      "case_fidelity_delta_mean_over_seeds": 0.2857142857142857,
      "case_fidelity_delta_std_over_seeds": NaN,
      "axis_alignment_pairwise_net_mean_over_seeds": 0.10204081632653061,
      "case_fidelity_pairwise_net_mean_over_seeds": 0.16326530612244897,
      "client_role_fidelity_pairwise_net_mean_over_seeds": 0.12244897959183673,
      "training_utility_pairwise_net_mean_over_seeds": 0.04081632653061224,
      "axis_alignment_pairwise_net_std_over_seeds": NaN,
      "case_fidelity_pairwise_net_std_over_seeds": NaN,
      "client_role_fidelity_pairwise_net_std_over_seeds": NaN,
      "training_utility_pairwise_net_std_over_seeds": NaN
    }
  }
}